,Name0,Varun R Aaron1,Abdul Razzaq2,Abdur Razzak3,Abdur Rehman4,Ashton C Agar5,Ajit B Agarkar6,Khaleel Khursheed Ahmed7,Ahmed Shehzad8,Ahsan Malik9,Ajmal Shahzad10,Al-Amin Hossain11,Alawi Shukri12,Moeen Munir Ali13,Fabian Anthony Allen14,Amir Hamza15,Amir Hayat16,Amjad Ali17,Amjad Javed18,Hashim Mahomed Amla19,Corey J Anderson20,John Anderson21,James M Anderson22,Mohammad Asghar Afghan23,Asghar Ali24,Ravichandran Ashwin25,Asif Ali26,Marvan S Atapattu27,Azhar Ali28,Azhar Mahmood29,Babar Azam30,Babar Hayat31,Subramaniam Badrinath32,Ashish Bagai33,Sairaj V Bahutule34,Harvir S Baidwan35,George John Bailey36,Jonathan M Bairstow37,Lionel S Baker38,Lakshmipathy Balaji39,W Dorakanti Balaji Rao40,Andrew Balbirnie41,Jacob T Ball42,Gary S Ballance43,C Malinga Bandara44,Konara Mudiyanselage Chaminda Bandara45,Farhaan Behardien46,Jason Paul Behrendorff47,Ian R Bell48,Sulieman J Benn49,Hamish K Bennett50,Tino L Best51,Samuel William Billings52,Stuart T R Binny53,Devendra Bishoo54,Ian D Blackwell55,Jermaine Blackwood56,Scott M Boland57,Douglas E Bollinger58,Shane E Bond59,Ravinda S Bopara60,Delyone C Borden61,Peter W Borren62,Scott G Borthwick63,Lungile L  Bosman64,Andre C Botha65,Johan Botha66,Mark V Boucher67,Trent Alexander Boult68,Nathan W Bracken69,Carlos Ricardo Brathwaite70,Kraigg Clairmonte Brathwaite71,Dwayne J J Bravo72,Darren M Bravo73,Timothy T Bresnan74,Stuart C J  Broad75,Jasprit J Bumrah76,Ryan Ponsonby Burl77,Ian G Butler78,Joseph C Buttler79,Atse F Buurman80,Christopher Carter81,Jonathan Lyndon Carter82,Neil M Carter83,Hilton W R Cartwright84,James J Celestine85,Yuzvendra S Chahal86,Deepak Lokandersingh Chahar87,Regis W Chakabva88,Stuart J Chalmers89,Pathira Vasan Dushmantha Chameera90,Umagiliya D U Chandana91,Shivnarine Chanderpaul92,Lokuge Dinesh Chandimal93,Johnson Charles94,Peter K D Chase95,Roston L Chase96,Tendai Larry Chatara97,Piyush Pramod Chawla98,C Justice Chibhabha99,Elton Chigumbura100,Michael T Chinouya101,Chirag Suri102,Tendai S Chisoro103,Daniel T Christian104,Kyle Christie105,Stuart R Clark106,Michael J Clarke107,Paul D Collingwood108,Alastair N Cook109,Tom L W Cooper110,Sheldon S Cottrell111,Nathan M Coulter-Nile112,Charles K Coventry113,Alexander Graeme Cremer114,Matthew Henry Cross115,Patrick J Cummins116,Samuel Matthew Curran117,Thomas Kevin Curran118,Alex R Cusack119,Benjamin C J Cutting120,Keith M Dabengwa121,Damodar Daesrath122,Vijay Dahiya123,Mahuru D Dai124,Carl Junior Dala125,Ramesh R David126,Henry Davids127,Dawlat Zadran128,Jawad J Dawood129,Alan C Dawson130,Liam A Dawson131,Colin de Grandhomme132,Quinton de Kock133,Con de Wet de Lange134,Marchant de Lange135,Bas de Leede136,Dhananjaya Maduranga de Silva137,Abraham B de Villiers138,Rishi Dhawan139,Shikhar Dhawan140,Haninder S Dhillon141,Dhiman Ghosh142,Mahendra Singh Dhoni143,Tillakaratne Mudiyanselage Dilshan144,Ashok B Dinda145,Hendrik H Dippenaar146,George Henry Dockrell147,Xavier J Doherty148,Dolar Mahmud149,Rahul Dravid150,Francois du Plessis151,Ben M Duckett152,Jean-Paul Duminy153,Dean Elgar154,Elias Sunny155,Grant D Elliott156,Fakhar Zaman157,Fareed Ahmad158,Farhad Reza159,Abdus S Faridi160,James Peter Faulkner161,Fawad Ahmed162,Fawad Alam163,Fayyaz Ahmed164,Faiz Yakub Fazal165,Fazle Mahmud166,Callum J Ferguson167,Lachlan Hammond Ferguson168,Nizel Fernandes169,Asitha Madusanka Fernando170,Congenige Randhi Dilhara Fernando171,Muthuthanthrige Vishwa Thilina Fernando172,Aaron James Finch173,Shawn E Findlay174,Steven Thomas Finn175,Ryan Flannigan176,Stephen P Fleming177,Andre D S Fletcher178,James E C Franklin179,Gautam Gambhir180,Sourav C Ganguly181,Hamish J W Gardiner182,Christopher H Gayle183,Herschelle Herman Gibbs184,Adam C Gilchrist185,Manpreet Gony186,Gulbadin Naib187,Downdegedara Asela Sampath Gunaratne188,Mashtayage Danushka Gunathilaka189,Martin J Guptill190,Gurdeep Singh191,Gurkeerat Singh192,Harry F Gurney193,Bradley James Haddin194,Alexander D Hales195,Peter Stephen Patrick Handscomb196,Hannan Sarkar197,Amarbir S Hansra198,Rana M Haq199,Harbhajan Singh200,Haris Sohail201,Stephen J Harmison202,Hasan Ali203,Matthew L Hayden204,Josh Reginald Hazlewood205,Hazratullah Zazai206,Travis M Head207,Matthew J Henry208,Herath Mudiyanselage Rangana Keerthi Bandara Herath209,Shimron Odilon Hetmeyer210,Benjamin William Hilfenhaus211,Jason Omar Holder212,Shai Diego Hope213,James R Hopes214,Gareth J Hopkins215,Phillip Joel Hughes216,David J Hussey217,Michael E K Hussey218,Danza P Hyatt219,Nicholas Ifill220,Iftikhar Ahmed221,Iftikhar Anjum222,Ihsanullah Janat223,Imad Wasim224,Imam-ul-Haq225,Imran Farhat226,Imran Haider227,Mohammad Imran Tahir228,Imrul Kayes229,Colin A Ingram230,Peter J Ingram231,Inzamam-ul-Haq232,Moneeb M Iqbal233,Shreyas S Iyer234,Izatullah Dawlatzai235,Ravindrasinh Anirudhsinh Jadeja236,Kedar M Jadhav237,Wasim Jaffer238,Sanath Teran Jayasuriya239,Denagamage Proboth Mahela de Silva Jayawardene240,Mitchell G Johnson241,Christopher J Jordan242,Alzarri S Joseph243,Davis Joseph244,Sylvester C Joseph245,Sunil B Joshi246,Dominick I Joyce247,Edmund Christopher Joyce248,Jubair Hossain249,Junaid Khan250,Junaid Siddique251,Junaid Siddiqui252,Junaid Zia253,Sandeep Jyoti254,Kabir Ali255,Mohammad Kaif256,Jacques H Kallis257,Kamran Akmal258,Kamran Hussain259,Kamran Shahzad260,Tafadzwa Kamungozi261,Tinashe Stephen Kamunhukamwe262,Kenneth Kamyuka263,Sahan Hewa Thilina Kandamby264,Arvindah L Kandappah265,Danish Kaneria266,Chamara Kantha Kapugedera267,Karan Khatri Chhetri268,Morne Karg269,Aasif Y Karim270,Irfan A Karim271,Krishnakumar Dinesh Karthik272,Murali Kartik273,Frank Dimuth Madushanka Karunaratne274,Kashif Raza275,Michael S Kasprowicz276,Friday Kasteni277,Eion Katchay278,Simon M Katich279,Siddarth Kaul280,Paskuwal Handi Tharindu Kaushal281,Stefan K W Kelly282,Justin M Kemp283,Robert J Kennedy284,John C Kent285,Martin F Kent286,Robert B Kerr287,Alexei N Kervezee288,Shaheed Keshvani289,Daniel Keulder290,Robert W T Key291,Paras Khadka292,Subash Prasad Khakurel293,Khaled Mahmud294,Khaled Mashud295,Khalid Khan296,Khalid Latif297,Khaliq Dad298,Zaheer Khan299,Surinder C Khanna300,Usman T Khawaja301,Gagan K Khoda302,Amay R Khurasiya303,Khurram Chohan304,Khurram Khan305,Khurram Manzoor306,Gary E Kidd307,Craig Kieswetter308,Jason Kila309,Collis L King310,Reon D King311,Vivian J Kingma312,Syed M H Kirmani313,Gary Kirsten314,Peter N Kirsten315,Robert J Kirtley316,Heinrich Klaasen317,Frederick Jack Klaassen318,Rory K Kleinveldt319,Jan F Kloppenburg320,Lance Klusener321,Nicholas V Knight322,Alan P E Knott323,Louis J Koen324,Virat Kohli325,Bjorn L Kotze326,Deon B Kotze327,Jason J Krejza328,Krishna Chandran329,Pallemoni Krishnamurthy330,Bradley P Kruger331,Courtney K Kruger332,Garnett J-P Kruger333,Neil Kruger334,Christopher M Kuggeleijn335,Scott Christopher Kuggeleijn336,Adrian P Kuiper337,Chamith K B Kulasekara338,Kulasekara Mudiyanselage Dinesh Nuwan Kulasekara339,Kuldeep Yadav340,Dhawal S Kulkarni341,Nilesh M Kulkarni342,Rajiv R Kulkarni343,Bhuvneshwar Kumar344,Nitish R Kumar345,Praveenkumar Sakat Singh346,Chandradasa Brahammana Ralalage Lahiru Sudesh Kumara347,Thirunavukkar A S U Kumaran348,Anil  Kumble349,Don S B P Kuruppu350,Abey Kuruvilla351,Kwame Tucker352,Graeme F Labrooy353,Bruce M Laird354,Ranasinghe Arachchige Suranga Lakmal355,Materba K G C P Lakshitha356,S B Lama357,Allan J Lamb358,Gregory A Lamb359,Raman Lamba360,Clayton B Lambert361,Sandeep Lamichhane362,John P R Lamsam363,Justin L Langer364,Charl K Langeveldt365,Dave Langford-Smith366,Brian C Lara367,Wayne Larkins368,Gavin Rolf Larsen369,Rodney T Latham370,Thomas William Maxwell Latham371,Ben Laughlin372,Trevor J Laughlin373,Stuart G Law374,David V Lawrence375,William M Lawry376,Geoffrey Francis Lawson377,Jermaine J C Lawson378,Vangipurappu Venkata Sai Laxman379,Michael A Leask380,Brett Lee381,Shane Lee382,Warren K Lees383,Roland P Lefebvre384,Darren S Lehmann385,John K Lever386,Peter Lever387,Russell D M Leverock388,Clairmonte C Lewis389,Evin Lewis390,Johnathan Lewis391,Michael L  Lewis392,Rawl N Lewis393,Liaqat Ali394,Gerhardus F J Liebenberg395,Dennis K Lillee396,Liton Das397,Dulip K Liyanage398,Clive H Lloyd399,David Lloyd400,Graham D Lloyd401,Timothy A Lloyd402,Alan C I Lock403,Douglas R Lockhart404,Augustine L Logie405,Kaushal S Lokuarachchi406,Christopher H Lonsdale407,Bernard P Loots408,Alexander G R Loudon409,Johann Louw410,Jan L Louw411,James D Love412,Malachy B Loye413,Steven W Lubbers414,Brian W Luckhurst415,Michael J Lumb416,Alfred S Luseno417,Monte A Lynch418,Christopher A Lynn419,Nathan Michael Lyon420,Ross T Lyons421,Stuart C G MacGill422,Matthew W Machan423,Angus J Mackay424,John A Maclean425,Kenneth H MacLeay426,Calum Scott MacLeod427,Neil J MacRae428,Sharma Madan Lal429,Darren L Maddy430,Trevor N Madondo431,Ranjan Senerath Madugalle432,Arachchige W R Madurasinghe433,Devapurage Shehan Madushanka Kumara434,Lahiru Dilshan Madushanka435,Neville Madziva436,Mafizur Rahman437,John N Maguire438,Roshan Siriwardene Mahanama439,Keshav A Maharaj440,Mohamed Farveez Maharoof441,Mahbubul Alam442,Mahbubur Rahman443,James P Maher444,Sajid I Mahmood445,Mahmood Hamid446,Mohammad Mahmudullah447,Ngonidzashe B Mahwire448,Gregor I Maiden449,Majid Khan450,Devon E Malcolm451,Ashok Malhotra452,Separamadu Lasith Malinga453,Gyanendra Malla454,Ashley A Mallett455,Michael F Malone456,Maninder Singh457,Sanjay Vijay Manjrekar458,Manjural Islam459,Manjural Islam Rana460,Ashok V Mankad461,Graham A Manou462,Mansoor Akhtar463,Mansoor Amjad464,Mansoor Rana465,Manzoor Akhtar466,Manzoor Elahi467,Maqsood Rana468,Ishwar Maraj469,Alester Maregwede470,Douglas A Marillier471,Aiden Kyle Markram472,Victor J Marks473,Geoffrey Robert Marsh474,Mitchell R Marsh475,Rodney William Marsh476,Shaun Edward Marsh477,Cecil A Marshall478,Hamish J H Marshall479,James A H Marshall480,Malcolm D Marshall481,Xavier M Marshall482,Anthony Martin483,Christopher Stewart Martin484,Gary C Martin485,Jacob J Martin486,Peter J Martin487,Damien R Martyn488,Timycen Maruma489,Hamilton Masakadza490,Shingirai W Masakadza491,Wellington Pedzisai Masakadza492,Adrian D Mascarenhas493,Mashrafe Bin Mortaza494,Michael J Mason495,Masood Iqbal496,Steve J Massiah497,Robert A L Massie498,Prince S Masvaure499,Everton Matambanadzo500,Angelo Davis Mathews501,Andrew W Mathieson502,Stuart Matsikenyeri503,Craig R Matthews504,Gregory Richard John Matthews505,Everton H Mattis506,Bryan M Mauricette507,Brandon Anesu Mavuta508,Tinotenda M K Mawoyo509,Donovan E S Maxwell510,Glenn James Maxwell511,Timothy Brian Alexander May512,Matthew P Maynard513,Mazhar Hussain514,Mazharul Haque515,Mpumelelo Mbangwa516,Cameron McAuslan517,Andrew Robert McBrine518,William K McCallan519,Neil F I McCallum520,Rory D McCann521,Graeme J McCarter522,Barry J McCarthy523,Mitchell J McClenaghan524,James Alexander McCollum525,Richard B McCosker526,Obed Christopher McCoy527,Brendon B McCullum528,Nathan L McCullum529,Rodney J McCurdy530,Craig J McDermott531,Paul E McEwan532,Neil C McGarrell533,Peter D McGlashan534,Anthony McGrath535,Glenn D McGrath536,Andrew J McKay537,Clinton J McKay538,Brian J McKechnie539,Scott Stephen McKechnie540,Graham D McKenzie541,Neil D McKenzie542,Ryan  McLaren543,Nixon A M McLean544,Hamish McLeod545,Brian M McMillan546,Craig D McMillan547,Ervin B McSweeney548,Stuart C Meaker549,Mehidy Hasan Miraz550,Mehmood Quaraishy551,Vijay Mehra552,Mehrab Hossain553,Mehrab Hossain554,Praful S Mehta555,Mohammed A Meman556,Balapuwaduge Ajantha Winslow Mendis557,Balapuwaduge Kusal Gimhan Mendis558,Balapuwaduge Manukulasuriya Amith Jeevan Mendis559,Louis Rohan Duleep Mendis560,Manimeldura C Mendis561,Joe M Mennie562,Keegan O Meth563,Paras L Mhambrey564,David A Miller565,Geoffrey Miller566,Nikita O'Brien Miller567,Jonathan P Millmow568,Kyle D Mills569,Adam F Milne570,Minhajul Abedin571,Dean A Minors572,Solomon Farai Mire573,Mirwais Ashraf574,Misbah-ul-Haq575,Amit Mishra576,Tanmay Mishra577,Abhimanyu Mithun578,Hitesh S Modi579,Mohammad Akram580,Mohammad Amir581,Mohammad Ashraful582,Mohammad Asif583,Mohammad Aslam584,Mohammad Boota585,Mohammad Hafeez586,Mohammad Hussain587,Mohammad Iqbal588,Mohammad Irfan589,Mohammad Ishaq590,Mohammad Kashif591,Mohammad Khalil592,Mohammad Mithun Ali593,Mohammad Nabi594,Mohammad Naveed595,Mohammad Nawaz596,Mohammad Rafique597,Mohammad Rizwan598,Mohammad Saifuddin599,Mohammad Salim600,Mohammad Salman601,Mohammad Sami602,Mohammad Shahzad603,Mohammad Shahzad604,Mohammad Talha605,Mohammad Tauqir606,Mohammad Wasim607,Mohammad Yousuf608,Mohammad Zahid609,Dave Mohammed610,Jason Nazimuddin Mohammed611,Mohammed Nazir612,Mohammed Qasim613,Mohammed Shami Ahmed614,Mohammed Sharif615,Mohammed Siraj616,Debashish S Mohanty617,Mohibullah Paak618,Mohsin Kamal619,Mohsin Khan620,Moin Khan621,Moin-Ul-Atiq622,Geert-Maarten C Mol623,Hendrik J Mol624,Mominul Haque625,Preston L Mommsen626,Dinesh Mongia627,Nayan R Mongia628,Moniruzzaman629,Thomas Masson Moody630,John F Mooney631,Paul J K  Mooney632,Peter Joseph Moor633,Kiran S More634,Vani V Morea635,Daniel W O Morgan636,Eoin J G Morgan637,Johannes A Morkel638,Morne Morkel639,Christopher Henry Morris640,John E Morris641,Daniel Kyle Morrison642,John F M Morrison643,Morshed Ali Khan644,Runako S Morton645,Mosaddeck Hossain646,Ezra A Moseley647,Mosharraf Hossain648,Jeffrey K Moss649,Martyn D Moxon650,Phenyo V Mpitsang651,Christopher Bobby Mpofu652,Natsai M'shangwe653,Jehan Mubarak654,Mudassar Bukhari655,Mudassar Nazar656,Tafadzwa V Mufambisi657,Muhammad Usman658,Mujahid Jamshed659,Mujeeb Ur Rahman660,Saradindu P Mukherjee661,Saleem Mukuddem662,Jacob Mulder663,Pieter Willem Adriaan Mulder664,Ashif A Mulla665,Mohsin Mulla666,Alan D Mullally667,Carl T Mumba668,Arachchige M N Munasinghe669,Eldeniya Medagedara Dilshan Yasika Munaweera670,Munir Dar671,Colin Munro672,Henry G Munsey673,Tawanda Mupariwa674,Muttiah Muralitharan675,Bryan G Murgatroyd676,Brian A Murphy677,David Murphy678,David A Murray679,Darrin J Murray680,Deryck Lance Murray681,Junior Randalph Murray682,Ryan Craig Murray683,Timothy James Murtagh684,Tarisai Kenneth Musakanda685,Mushfiqur Rahim686,Mushfiqur Rahman687,Mushtaq Ahmed688,Mushtaq Mohammad689,Mustafizur Rahman690,Philip Mustard691,David T Mutendera692,Forster Mutizwa693,Tinotenda C Mutombodzi694,Richmond Mutumbami695,Blessing Muzarabani696,Taurai Muzarabani697,Waddington Mwayenga698,Stephanus J Myburgh699,Ganesh Mylvaganam700,Nadeem Ahmed701,Nadeem Ghauri702,Nadeem Khan703,Naeem Ahmed704,Naeem Ashraf705,Naeem Islam706,Naeemuddin Aslam707,Nafis Iqbal708,Mahendra V Nagamootoo709,John Nagenda710,Sudhir S Naik711,Naimuir Rahman712,Karun Kaladharan Nair713,Najaf Shah714,Najeeb Amar715,Najeeb Tarakai716,Najibullah Zadran717,Parbhu G Nana718,Dirk P Nannes719,Alei Nao720,Sunil Philip Narine721,Naseer Malik722,Brendan P Nash723,Dion J Nash724,Nasim-Ul-Ghani725,Nasir Ahmed726,Nasir Aziz727,Nasir Hameed728,Nasir Hossain729,Nasir Jamal Ahmadzai730,Nasir Jamshed731,Nasir Javed732,Naumanullah733,Naved Anjum734,Naved Latif735,Naved-ul-Hasan736,Naveen -ul-Haq737,Mohamed N Nawaz738,Nawroz Mangal739,Surendra V Nayak740,H G Dharshana Nayanakanatha741,Abhishek M Nayar742,Mohammed Nazimuddin743,Nazmul Hossain744,Nazmul Hossain Shanto745,Nazmul Islam746,Njabulo Ncube747,James Douglas Sheahan Neesham748,Neeyamur Rashid749,Ashish Nehra750,Andre Nel751,Johann D Nel752,Michael Gertges Neser753,Tarun S Nethula754,Christopher J Nevin755,Richard Ngarava756,Lungisani Ngidi757,James O Ngoche758,Shem O Ngoche759,Henry M Nicholls760,Robert J Nicol761,Ian A Nicolson762,Ruud G Nijman763,Ratnayake A P Nissanka764,Paul A Nixon765,Nizakat Khan766,Mluleki L Nkala767,Ashley A Noffke768,Noor Ali Zadran769,Noor-ul-Haq770,Marcus J North771,Makhaya Ntini772,Ashley Renaldo Nurse773,Nurul Abedin774,Nurul Hasan775,John Nyumbu776,Alex A Obanda777,George H O'Brien778,Iain E O'Brien779,Kevin Joseph O'Brien780,Niall John O'Brien781,Collins O Obuya782,David O Obuya783,Shayne B O'Connor784,Nelson M Odhiambo785,Nehemiah N Odhiambo786,Simon P O'Donnell787,Thomas M Odoyo788,Edward O Odumbe789,Maurice O Odumbe790,Naman V Ojha791,Pragyan P Ojha792,Kerry J O'Keeffe793,Christopher Middleton Old794,Duanne Olivier795,Henry K Olonga796,Lucas  Oluoch797,Ali H Omarshah798,Peter J Ongondo799,Graham Onions800,Justin L Ontong801,Lamech N Onyango802,Antony R M Opatha803,Jacob D P Oram804,Henry Osinde805,David R O'Sullivan806,Elijah Otieno807,Francis N Otieno808,Kennedy O Otieno809,Maurice A Ouma810,Steven D Outerbridge811,Craig Overton812,Michael B Owens813,Timothy David Paine814,Steven J Palframan815,Mangesh Panchel816,Gyanendrakumar K Pandey817,Manish Krishnanand Pandey818,Chandrakant S Pandit819,Hardik H Pandya820,Mudhsuden S Panesar821,Pankaj Singh822,Rishabh Rajendra Pant823,Tinashe Panyangara824,Michael H W Papps825,Jatin V Paranjpe826,Brenton A Parchment827,Joel S Paris828,Ghulam A Parkar829,John M Parker830,Matthew A Parker831,Norman M Parker832,Wayne Dillon Parnell833,Adam C Parore834,Derek R Parry835,Stephen D Parry836,Parvez Ghulam Rasool Zargar837,Nelon T Pascal838,Leonard S Pascoe839,Sudath P Pasqual840,Ashish Patel841,Ashok K Patel842,Axar Rajeshbhai Patel843,Brijal J Patel844,Brijesh P Patel845,Dipak N Patel846,Hiral Patel847,Jitendra M Patel848,Jeetan S Patel849,Kalpesh A  Patel850,Malhar L Patel851,Munaf M Patel852,Pathiv A Patel853,Rashid G M Patel854,Rakeep R Patel855,Samit R Patel856,Dane Paterson857,Grant A Paterson858,Irfan K Pathan859,Rayyankhan Pathan860,Yusuf K Pathan861,Sachith Shanaka Pathirana862,Sandeep M Patil863,Swapnil P Patil864,Jason Patraj865,Bruce M W Patterson866,Balfour P Patterson867,James L Pattinson868,Rohit Kumar Paudel869,Keemo Mandela Angus Paul870,Thelston R O Payne871,Stephen G Peall872,Gerald E Peckover873,Andrew J Penn874,Angelo Kanishka Perera875,Kahawalage G Perera876,Mahawaduge Dilruwan Kamalaneth Perera877,Mathurage Don Kusal Janith Perera878,Narangoda Liyanaarachchilage Thisara Chirantha Perera879,Panagodage D R L Perera880,Suresh A Perera881,Veerasammy Permaul882,Nehemiah O Perry883,Pervez Mir884,Alviro N Petersen885,Robin J Peterson886,Mark J Petrie887,Richard G Petrie888,Aaron M Phangiso889,Andile Lucky Phehlukwayo890,Vernon D Philander891,Iain L Philip892,Norbert Phillip893,Wayne B Phillips894,Hemal S M Pieris895,Kevin P Pietersen896,Arthur D J Pitcher897,Azeem R Pitcher898,Oliver L Pitcher899,Liam Edward Plunkett900,Patrick I Pocock901,Nosaina Pokana902,Keiron A Pollard903,Victor Pollard904,Shaun M Pollock905,Ricky Thomas Ponting906,Riaz H Poonawala907,Navdeep S Poonia908,Nicholas Pooran909,Graeme D Porter910,William Thomas Stuart Porterfield911,Nic Pothas912,Ramesh R Powar913,Daren B Powell914,Kieran Omar Akeem Powell915,Rovman Powell916,Ricardo L Powell917,Andrew D Poynter918,Stuart W Poynter919,Manoj M Prabhakar920,Aththachchi Nuwan Pradeep Roshan Fernando921,Bapu Krishnarao Venkatesh Prasad922,Kariyawasam Tirana Gamage Dhammika Prasad923,Mannava S K Prasad924,Seekkuge Prasanna925,Dwaine Pretorius926,Raymond William Price927,Mark W Priest928,Ashwell Gavin Prince929,Christopher Pringle930,Donald J Pringle931,Derek Raymond Pringle932,Meyrick W Pringle933,Matthew J Prior934,Subasinghe Mudiyanselage Ashan Priyanjan935,Cheteshwar Arvind Pujara936,Yodhin Punja937,Karuppiahyage Ravindra Pushpakumara938,Muthumudalige Pushpakumara939,Pawuluge Malinda Pushpakumara940,Andrew G Puttick941,Andrew J Pycroft942,Milton R Pydanna943,Qadeer Ahmed944,Qaiser Ali945,Qasim Omar946,Kagiso Rabada947,Carl Grau Rackemann948,Neal V Radford949,Clive T Radley950,Raees Ahmadzai951,Rafiqul Alam952,Rafiqul Islam953,Ajinkya M Rahane954,Rahat Ali955,Rahmat Shah956,Pipi Raho957,Kannaur Lokesh Rahul958,Suresh Kumar Raina959,Edward C Rainsford960,Lallit Narayan Rajbanshi961,Rajin Saleh962,Chandrasekara Arachchilage Kasun Rajitha963,Lalchand S Rajput964,Sagi Lakshmi Venkatapathy Raju965,Woorkeri V Raman966,Champaka P H Ramanayake967,Ryan Ramdass968,Denesh Ramdin969,Rameez Shahzad970,Sadagopan Ramesh971,Ramiz Raja972,Dinanath Ramnarine973,Ravindranath Rampaul974,Mark R Ramprakash975,Darren R Ramsammy976,Ramveer Rai977,Anura N Ranasinghe978,Sirimewan K Ranasinghe979,Arjuna Ranatunga980,Dammika Ranatunga981,Nishantha Ranatunga982,Sanjeeva Ranatunga983,Seth Hayden Arnold Rance984,Ujesh Ranchod985,Derek W Randall986,Randhir Singh987,Hewa Kaluhalamullage Suraj Randiv Kaluhalamulla988,William Boyd Rankin989,Mohammad Raqibul Hasan990,Raqibul Hasan991,Adil Usman Rashid992,Rashid Khan993,Rashid Khan994,Rashid Latif995,Rashid Zia996,Vikram S Rathore997,Nilantha L K Ratnayake998,Rumesh Joseph Ratnayake999,Joseph Ravindran Ratnayeke1000,Ajay Ratra1001,Sanjay S Raul1002,Damien Apa Ravu1003,Peter W E Rawson1004,Ambati T Rayudu1005,Raza Hasan1006,Raza-ur-Rehman1007,Vivek Razdan1008,Christopher Mark Wells Read1009,Bharat Reddy1010,Aaron J Redmond1011,Rodney E Redmond1012,Ian R Redpath1013,Darren J Reekers1014,Dermot A Reeve1015,Basant Regmi1016,Bruce A Reid1017,Charles A Reid1018,John F Reid1019,Richard B Reid1020,Floyd L Reifer1021,Paul R Reiffel1022,Gavin J Rennie1023,John A Rennie1024,John B Reva1025,Jonathan N Rhodes1026,Steven John Rhodes1027,Clive E B Rice1028,Austin C L Richards1029,Clifton J Richards1030,Dale M Richards1031,Isaac Vivian Alexander Richards1032,David J Richardson1033,Edward J Richardson1034,Jhye Avon Richardson1035,Kane W Richardson1036,Mark H Richardson1037,Richard B Richardson1038,Michael J R Rindel1039,Emmanuel B Ringera1040,Harry P Rinke1041,Michael J Rippon1042,Gregory Michael Ritchie1043,Stephen J Rixon1044,Chundangapoyil Puthiyapurayil Rizwan1045,Rizwan Ahmed1046,Rizwan Cheema1047,Rizwan Latif1048,Rizwan-Uz-Zaman1049,Kemar A J Roach1050,Andrew D G Roberts1051,Anderson M E Roberts1052,Stuart J Roberts1053,Gary K Robertson1054,Gavin R Robertson1055,Jacobi Robinson1056,Richard D Robinson1057,Robert T Robinson1058,Robiul Islam1059,Liam Nicholas Roche1060,Barney G Rogers1061,Glenn A Rogers1062,Rohan Mustafa1063,Rokhan Barakzai1064,Tobias Skelton Roland-Jones1065,Irvine H Romaine1066,Leon C Romero1067,Luke Ronchi1068,Graham R J Roope1069,Joseph Edward Root1070,Brian C Rose1071,Franklyn A Rose1072,Rilee Roscoe Rossouw1073,Lawrence G Rowe1074,Jason Jonathan Roy1075,Rubel Hossain1076,Jacobus A Rudolph1077,Rumman Raees1078,David B Rundle1079,Mark W Rushmere1080,Andre Dwayne Russell1081,Robert Charles Russell1082,Hamish D Rutherford1083,Kenneth Robert Rutherford1084,Jesse Daniel Ryder1085,Hafiz Saad Nasim1086,Saadat Ali1087,Sabbir Rahman1088,Sadiq Mohammad1089,Saeed Ajmal1090,Saeed Anwar1091,Saeed Azad1092,Saeed-Al-Saffar1093,Sagar Pun1094,Anil K Sah1095,Wriddhiman Prasanta Saha1096,Saiful Islam1097,Sajid Ali1098,Sajjad Ahmed1099,Sajjad Akbar1100,Salahuddin Ahmed1101,Saleem Altaf1102,Saleem Elahi1103,Saleem Malik1104,Saleem Pervez1105,Saleem Raza1106,Saleem Yousuf1107,Salim Jaffer1108,Ian D K Salisbury1109,Salman Butt1110,Salman Faris1111,Salman Farooq1112,George Salmond1113,Aavishkar M Salvi1114,Abdool M Samad1115,Johanne A Samarasekera1116,Maitipage Athula Rohitha Samarasekera1117,Dulip Prasamma Samaraweera1118,Thilan Thusara Samaraweera1119,Wedagedara Sadeera Rashen Samarawickrama1120,Sameer Zia1121,Sami Aslam1122,Samiullah Khan1123,Samiullah Shenwari1124,Samiur Rahman1125,Darren J G Sammy1126,Marlon Nathaniel Samuels1127,Robert G Samuels1128,Paththamperuma Arachchige Don Lakshan Rangika Sandakan1129,Kevin T Sandher1130,Balwinder S Sandhu1131,Gurinder S Sandhu1132,Kumar C Sangakkara1133,Rahul L Sanghvi1134,Mitchell Josef Santner1135,Sanwar Hossain1136,Saqib Ali1137,Saqlain Haider1138,Saqlain Mushtaq1139,Sarandeep Singh1140,Sarfraz Ahmed1141,Sarfraz Nawaz1142,Pawan Sarraf1143,Ramnaresh R Sarwan1144,Abdur F Sattaur1145,Sayed Ahmad Shirzad1146,Marcelis M C Schewe1147,Edgar Schiferli1148,Reiout H Scholte1149,Brett N Schultz1150,Glenroy R Sealy1151,Barry B Seebaran1152,Peter M Seelaar1153,Surendra Seeraj1154,Virender Sehwag1155,Tim Louis Seifert1156,Thirumalai A P Sekar1157,Keith F Semple1158,Charith P Senanayake1159,Senanayake Mudiyanselage Sachithra Madhushanka Senanayake1160,Craig S Serjeant1161,Ramesh K Sethi1162,Shabbir Ahmed1163,Shabir Noori1164,Shadab Kabir1165,Shadab Khan1166,Shafiq Ahmed1167,Shafiqullah1168,Shafiuddin Ahmed1169,Shafiul Islam1170,Kinchit D Shah1171,Owais A Shah1172,Ravindu D Shah1173,Shahadat Hossain1174,Shaheedur Rahman1175,Shaheen Shah Afridi1176,Shahid Afridi1177,Shahid Anwar1178,Shahid Mahboob1179,Shahid Nazir1180,Shahid Saeed1181,Shahid Wasif1182,Shahriar Hossain1183,Shahriar Nafees1184,Shahzad Khan1185,Shahzaib Hasan1186,Shaiman Anwar1187,Shakeel Ahmed1188,Shakeel Khan1189,Shakib Al Hasan1190,Tabraiz Shamsi1191,Aftabodeen Shamsuden1192,Shamsur Rahman1193,Madagamagamage Dasun Shanaka1194,Vijay Shankar1195,James Norman Knight Shannon1196,Shapoor Zadran1197,Sharafuddin Ashraf1198,Safyaan M Sharif1199,Shariful Haque1200,Sharjeel Khan1201,Ajay K Sharma1202,Chetan Sharma1203,Gopal Sharma1204,Ishant Sharma1205,Karn V Sharma1206,Mohit Mahipal Sharma1207,Parthasarathy H Sharma1208,Rahul Sharma1209,Rahul Sharma1210,Rohit G Sharma1211,Sanjeev K Sharma1212,Ravishankar J Shastri1213,Timothy G Shaw1214,Andrew P Sheahan1215,Shehzad Altaf1216,Mohammad Sheikh1217,Mohammad Q Sheikh1218,Vikrant Shetty1219,Mthokozisi Shezi1220,Irvine T Shillingford1221,Sew Shivnarine1222,Shoaib Akhtar1223,Shoaib Malik1224,Shoaib Mohammad1225,D'Arcy John Matthew Short1226,Shubman Gill1227,Laxmi R Shukla1228,Kenneth Shuttleworth1229,Shuvagata Hom1230,Lega Siaka1231,Vusimuzi Sibanda1232,Peter M Siddle1233,James D Siddons1234,Ryan J Sidebottom1235,Navjot S Sidhu1236,Sikandar Raza1237,Sikander Bakht1238,E H Shadeep N Silva1239,Kelaniyage J Silva1240,Lindamlilage P C Silva1241,Sampathawudage A R Silva1242,Christopher E W Silverwood1243,Simandeep Singh1244,Simi Singh1245,Lendl M P Simmons1246,Philip V Simmons1247,Eric O Simons1248,Robert B Simpson1249,Richard W Sims1250,Matthew S Sinclair1251,Rudra Pratap Singh1252,Rudra Pratap Singh1253,Rabindra Ramanarayan Singh1254,Vikram R Singh1255,Tisse Appuhamilage Milinda Siriwardana1256,Laxman Sivaramakrishnan1257,Skhawit Ali1258,Wilfred N Slack1259,Michael J Slater1260,Gladstone C Small1261,Milton A Small1262,Timothy T Smart1263,Clay J Smith1264,Colin J O Smith1265,Christopher L Smith1266,David M Smith1267,Dwayne R Smith1268,Devon S Smith1269,Graeme C Smith1270,Ian D S Smith1271,Mclaren Smith1272,Michael John Smith1273,Michael Jonathon Smith1274,Neil M K Smith1275,Robin A Smith1276,Ruaidhri A J Smith1277,Stephen B Smith1278,Steven P D Smith1279,Jeroen Smits1280,Jeremy N Snape1281,Shane Snater1282,Martin C Snedden1283,Richard P Snell1284,John A Snow1285,Garfield St Aubrun Sobers1286,Inderbir S Sodhi1287,Reetinder S Sodhi1288,Sohag Gazi1289,Sohaib Maqsood1290,Sohail Butt1291,Sohail Fazal1292,Sohail Khan1293,Sohail Tanvir1294,Vikram S Solanki1295,Christopher B Sole1296,Thomas Barclay Sole1297,Eknath D Solkar1298,Sujith B Somasunder1299,Sompal Kami1300,Chad A Soper1301,Durand Soraine1302,Max C Sorensen1303,Soumya Sarkar1304,Timothy G Southee1305,Craig M Spearman1306,Barinder B Sran1307,Laxman Sreekumar1308,Shanthakumaran Sreesanth1309,Krishnamachari Srikkanth1310,Javagal Srinath1311,Tirumalai E Srinivasan1312,Sridharan Sriram1313,Keith R Stackpole1314,Jan H Stander1315,Ian M Stanger1316,Billy Stanlake1317,Richard W Staple1318,Mitchell Aaron Starc1319,Nick A Statham1320,Martin P Stead1321,Ryan D Steede1322,David S Steele1323,William F Stelling1324,Graham B Stevenson1325,Alec J Stewart1326,Errol L R Stewart1327,Shanan L Stewart1328,Dale W Steyn1329,Phillipus J R Steyn1330,Derek A Stirling1331,Paul Robert Stirling1332,Marcus Peter Stoinis1333,Benjamin Andrew Stokes1334,Lesley W Stokkers1335,Oliver Peter Stone1336,Leslie W Stott1337,Bryan Colin Strang1338,Paul A Strang1339,Andrew J Strauss1340,Heath H Streak1341,Gregory M Strydom1342,Pieter C Strydom1343,Reinhardt Strydom1344,Anthony M Stuart1345,Colin E L Stuart1346,Scott B Styris1347,Murphy L Su'A1348,Subashis Roy1349,Ramchandra Sudhakar Rao1350,Suhrawadi Shuvo1351,Anthony O Suji1352,Martin A Suji1353,Sultan Zarawani1354,Glen P Sulzberger1355,Shiraz Sumar1356,Sunzamul Islam1357,Zubin E Surkari1358,Stephan J Swanepoel1359,Graeme P Swann1360,Michael R Swart1361,Syed Maqsood1362,Syed Rasel1363,Patrick Leonard Symcox1364,Andrew Symonds1365,Gerrie Synman1366,Eric S Szwarczynski1367,Tabarak Dar1368,Tahir Naqqash1369,Tatenda Taibu1370,Taijul Islam1371,Alex R Tait1372,Shaun W Tait1373,Talha Jubair1374,Tamim Iqbal1375,Tanbir Hayder1376,Tanveer Ahmed1377,Tanvir Ahmed1378,Tanvir Mehdi1379,Tanwir Afzal1380,Tapash Baisya1381,Tareq Aziz1382,Tariq Javed1383,Taskin Ahmed1384,Taslim Arif1385,Taufeeq Umar1386,Tausif Ahmed1387,Christopher James Tavare1388,Bruce R Taylor1389,Brendan R M Taylor1390,Jerome E Taylor1391,Jonathan P Taylor1392,James W A Taylor1393,Leslie B Taylor1394,Luteru Ross Poutoa Lote Taylor1395,Mark A Taylor1396,Peter L Taylor1397,Robert M L Taylor1398,Robert W Taylor1399,Roger Telemachus1400,Ryan N ten Doeschate1401,Sachin R Tendulkar1402,Anura P B Tennekoon1403,Daniel James ter Braak1404,David J Terbrugge1405,Sean P Terry1406,Vinoo A B Tewarie1407,Shardul Narendra Thakur1408,Warushavithana Upul Tharanga1409,Juan Theron1410,Hettige Don Rumesh Lahiru Thirimanne1411,Devon C Thomas1412,John G Thomas1413,Oshane Romaine Thomas1414,Ewen P Thompson1415,Greg J Thompson1416,Patterson I C Thompson1417,Stuart Robert Thompson1418,Alan L Thomson1419,Jeffrey Robert Thomson1420,Shane A Thomson1421,Graham P Thorpe1422,Sanjayan Thuraisingam1423,Magina Thilan Thushara Mirando Thushara1424,Lazaro O Tikolo1425,Stephen O Tikolo1426,Hashan Prasantha Tillakaratne1427,Donald T Tiripano1428,Michael H Tissera1429,Frederick John Titmus1430,Manoj K Tiwary1431,Saurabh S Tiwary1432,Roger W Tolchard1433,Gavin C Tonge1434,Peter M Toohey1435,Reece J W Topley1436,Athanasios J Traicos1437,James Cullum Tredwell1438,Christopher P Tremain1439,Christopher T Tremlett1440,Marcus E Trescothick1441,Glenn S Trimble1442,Ian J L Trott1443,Rodney J Trott1444,Jamie O Troughton1445,Gary B Troup1446,Thandi Tshabalala1447,Lonwabo L Tsotsobe1448,Janeiro J Tucker1449,Tamauri E Tucker1450,Carl M Tuckett1451,Alex Jeremy Tudor1452,Daryl R Tuffey1453,Philip Clive Roderick Tufnell1454,Alan Turner1455,Ashton James Turner1456,Glenn M Turner1457,Tushar Imran1458,Roger G Twose1459,Sudeep Tyagi1460,Andrew James Tye1461,Shaun D Udal1462,Isuru Udana Tillakaratna1463,Mahela L Udawatte1464,Umair Ali1465,Umar Akmal1466,Umar Amin1467,Umar Gul1468,Jaydev D Unadkat1469,Derek L Underwood1470,Kalutarage Eric A Upashantha1471,Tony P Ura1472,Usman Ghani1473,Usman Limbada1474,Usman Mushtaq1475,Usman Salahuddin1476,Usman Khan Shinwari1477,Robin V Uthappa1478,Prosper Utseya1479,Warnakulasuriya Patabendige Ushantha Joseph Chaminda Vaas1480,Aldesh V Vadher1481,Prashant S Vaidya1482,Asadollah Vala1483,John N Valentine1484,Daan L S van Bunge1485,Hendrik Erasmus van der Dussen1486,Timm van der Gugten1487,Albert van der Merwe1488,Roelof E van der Merwe1489,Johannes J van der Wath1490,Martin van Jaarsveld1491,Vaughn B van Jaarsveld1492,Paul A van Meekeren1493,Maurits W A van Nierop1494,Klass-Jan J van Noortwijk1495,Robert F Van Oosterom1496,Burton O van Rooi1497,Melt van Schoor1498,Lucas P van Troost1499,Rudolph J van Vuuren1500,Morne N van Wyk1501,Cornelius J P G Van Zyl1502,Robert H Vance1503,Jeffrey Dexter Francis Vandersay1504,Michael G Vandort1505,Norman Vanua1506,Hiren A Varaiya1507,Jack N T Vare1508,John C B Vaughan1509,Justin T C Vaughan1510,Michael P Vaughan1511,Michael R J Veletta1512,Dillip B Vengsarkar1513,Srinivasaraghavan Venkataraghavan1514,Margasaghayam Venkataramana1515,Yalaka Venugopal Rao1516,Mark A Vermeulen1517,Sharad Vesawkar1518,Daniel L Vettori1519,Murali Vijay1520,Dirk P Viljoen1521,Ranganath Vinay Kumar1522,James M Vince1523,Lou Vincent1524,Gundappa R Viswanath1525,Sandanand Viswanath1526,Kasun Disi Kithuruwan Vithanage1527,Brian V Vitori1528,Graham E Vivian1529,Adam C Voges1530,Dudley M Vonhagt1531,Matthew Scott Wade1532,Ajit L Wadekar1533,Kenneth J Wadsworth1534,Wahab Riaz1535,Wahidul Gani1536,Wajahatullah Wasti1537,Brooke G K Walker1538,Matthew D J Walker1539,Maxwell Henry Norman Walker1540,Craig D Wallace1541,Philo A Wallace1542,Andrew C Waller1543,Malcolm Noel Waller1544,Kerry P Walmsley1545,Courtney A Walsh1546,Kevin Douglas Walters1547,Riaan Walters1548,Chadwick Antonio Kirkpatrick Walton1549,Samuel Walusimbi1550,Waqar Younis1551,Waqas Barkat1552,Waqas Khan1553,Iain Wardlaw1554,Bandula Warnapura1555,Basnayake S M Warnapura1556,Khahakachchi P J Warnaweera1557,Shane K Warne1558,David A Warner1559,Washington Sundar1560,Wasim Akram1561,Wasim Bari1562,Wasim Haider1563,Wasim Raja1564,Atul S Wassan1565,Seren Waters1566,Steven L Watkin1567,Michael Watkinson1568,Bradley-John Watling1569,Graeme D Watson1570,Ryan R Watson1571,Shane R Watson1572,Cameron L White1573,David Wiese1574,David J Willey1575,Kane S Williamson1576,Christopher Roger Woakes1577,Barry Wood1578,Graeme M Wood1579,Mark A Wood1580,Luke J Woodcock1581,George H Worker1582,Daniel J Worrall1583,Craig M Wright1584,Luke J Wright1585,Jayant Yadav1586,Umeshkumar Tilak Yadav1587,Yamin Ahmadzai1588,Michael H Yardy1589,Yasir Arafat1590,Yasir Hameed1591,Yasir Shah1592,Craig Alexander Young1593,Younis Khan1594,Yuvraj Singh1595,Zahoor Khan1596,Zakiullah Zaki1597,Zameer Zahir1598,Adam Zampa
